{"cameraMode":{"drawMode":0,"name":"Shaded","section":"Shading Mode"},"sceneLighting":true,"audioPlay":false,"sceneViewState":{"showFog":true,"showMaterialUpdate":false,"showSkybox":true,"showFlares":true,"showImageEffects":true,"showParticleSystems":true},"in2DMode":false,"pivot":{"x":-4.267058849334717,"y":-0.5617079734802246,"z":0.9171390533447266},"rotation":{"x":0.007716765161603689,"y":0.1538773477077484,"z":-0.0012016496621072293,"w":0.9880591034889221},"size":12.461819648742676,"orthographic":true}