{"cameraMode":{"drawMode":0,"name":"Shaded","section":"Shading Mode"},"sceneLighting":true,"audioPlay":false,"sceneViewState":{"showFog":true,"showMaterialUpdate":false,"showSkybox":true,"showFlares":true,"showImageEffects":true,"showParticleSystems":true},"in2DMode":false,"pivot":{"x":-2.186107873916626,"y":-2.8829357624053957,"z":23.828594207763673},"rotation":{"x":0.01199899148195982,"y":-0.011396905407309533,"z":0.00013662058336194605,"w":0.9998676180839539},"size":36.79957962036133,"orthographic":false}