{"cameraMode":{"drawMode":0,"name":"Shaded","section":"Shading Mode"},"sceneLighting":true,"audioPlay":false,"sceneViewState":{"showFog":true,"showMaterialUpdate":false,"showSkybox":true,"showFlares":true,"showImageEffects":true,"showParticleSystems":true},"in2DMode":false,"pivot":{"x":-2.173767566680908,"y":-0.40544790029525759,"z":15.680099487304688},"rotation":{"x":-0.004185098689049482,"y":-0.04648730158805847,"z":-0.00019472073472570628,"w":0.998910129070282},"size":19.88728904724121,"orthographic":false}